{"human_01, 50:95": 99.98781991282345, "human_01, 50": 99.98802288231326, "human_01, 75": 99.98761694333363, "human_02, 50:95": 100.0, "human_02, 50": 100.0, "human_02, 75": 100.0}