{"human_01, 50:95": 92.47837750245417, "human_01, 50": 96.811822288336, "human_01, 75": 93.51736167378998, "human_02, 50:95": 79.51937709865469, "human_02, 50": 94.00575644176735, "human_02, 75": 82.73851839273361}