{"human_01, all": 85.01363845970727, "human_01, small": NaN, "human_01, medium": NaN, "human_01, large": 85.01363845970727, "human_02, all": 62.628841749159115, "human_02, small": NaN, "human_02, medium": NaN, "human_02, large": 62.628841749159115}